Start Time,Sample Time,Label,Status,response,Thread Name,data type,success,,Bytes,Sent Bytes,grpThread,allThread,URL,Latency,idle time,Connect Time
1.74847E+12,1527,Simpli,200,OK,Thread Group 1-2,text,TRUE,,642546,121,17,17,https://www.simplilearn.com/,403,0,280
1.74847E+12,1683,Simpli,200,OK,Thread Group 1-3,text,TRUE,,642388,121,19,19,https://www.simplilearn.com/,306,0,225
1.74847E+12,2080,Simpli,200,OK,Thread Group 1-1,text,TRUE,,642555,121,21,21,https://www.simplilearn.com/,506,0,383
1.74847E+12,2397,Simpli,200,OK,Thread Group 1-4,text,TRUE,,642373,121,27,27,https://www.simplilearn.com/,244,0,159
1.74847E+12,1474,Resource,200,OK,Thread Group 1-2,text,TRUE,,325305,130,32,32,https://www.simplilearn.com/resources,394,0,0
1.74847E+12,1874,Resource,200,OK,Thread Group 1-1,text,TRUE,,325304,130,40,40,https://www.simplilearn.com/resources,479,0,0
1.74847E+12,2176,Resource,200,OK,Thread Group 1-3,text,TRUE,,325305,130,41,41,https://www.simplilearn.com/resources,463,0,0
1.74847E+12,4167,Simpli,200,OK,Thread Group 1-8,text,TRUE,,642373,121,49,49,https://www.simplilearn.com/,678,0,421
1.74847E+12,4960,Simpli,200,OK,Thread Group 1-5,text,TRUE,,642381,121,50,50,https://www.simplilearn.com/,343,0,183
1.74847E+12,3207,Resource,200,OK,Thread Group 1-4,text,TRUE,,325304,130,50,50,https://www.simplilearn.com/resources,597,0,0
1.74847E+12,5983,Simpli,200,OK,Thread Group 1-7,text,TRUE,,642381,121,50,50,https://www.simplilearn.com/,707,0,433
1.74847E+12,5776,Simpli,200,OK,Thread Group 1-10,text,TRUE,,642373,121,50,50,https://www.simplilearn.com/,760,0,420
1.74847E+12,3795,Corporate,200,OK,Thread Group 1-2,text,TRUE,,432584,139,50,50,https://www.simplilearn.com/corporate-training,687,0,0
1.74847E+12,6259,Simpli,200,OK,Thread Group 1-11,text,TRUE,,642373,121,49,49,https://www.simplilearn.com/,1011,0,562
1.74847E+12,6553,Simpli,200,OK,Thread Group 1-9,text,TRUE,,642389,121,49,49,https://www.simplilearn.com/,852,0,473
1.74847E+12,7165,Simpli,200,OK,Thread Group 1-12,text,TRUE,,642381,121,49,49,https://www.simplilearn.com/,857,0,486
1.74847E+12,7809,Simpli,200,OK,Thread Group 1-6,text,TRUE,,642381,121,49,49,https://www.simplilearn.com/,637,0,324
1.74847E+12,7644,Simpli,200,OK,Thread Group 1-13,text,TRUE,,642373,121,49,49,https://www.simplilearn.com/,1280,0,714
1.74847E+12,4236,Resource,200,OK,Thread Group 1-8,text,TRUE,,325304,130,49,49,https://www.simplilearn.com/resources,1114,0,0
1.74847E+12,7664,Simpli,200,OK,Thread Group 1-16,text,TRUE,,642390,121,49,49,https://www.simplilearn.com/,1340,0,815
1.74847E+12,8228,Simpli,200,OK,Thread Group 1-14,text,TRUE,,642373,121,49,49,https://www.simplilearn.com/,1358,0,808
1.74847E+12,7967,Simpli,200,OK,Thread Group 1-17,text,TRUE,,642381,121,49,49,https://www.simplilearn.com/,1388,0,829
1.74847E+12,8303,Simpli,200,OK,Thread Group 1-15,text,TRUE,,642373,121,49,49,https://www.simplilearn.com/,1403,0,824
1.74847E+12,6157,Corporate,200,OK,Thread Group 1-1,text,TRUE,,432576,139,49,49,https://www.simplilearn.com/corporate-training,821,0,0
1.74847E+12,6445,Corporate,200,OK,Thread Group 1-3,text,TRUE,,432576,139,48,48,https://www.simplilearn.com/corporate-training,822,0,0
1.74847E+12,9377,Simpli,200,OK,Thread Group 1-18,text,TRUE,,642373,121,47,47,https://www.simplilearn.com/,1684,0,1033
1.74847E+12,9397,Simpli,200,OK,Thread Group 1-19,text,TRUE,,642382,121,47,47,https://www.simplilearn.com/,1723,0,1004
1.74847E+12,9435,Simpli,200,OK,Thread Group 1-21,text,TRUE,,642381,121,47,47,https://www.simplilearn.com/,1721,0,1003
1.74847E+12,9730,Simpli,200,OK,Thread Group 1-20,text,TRUE,,642381,121,47,47,https://www.simplilearn.com/,1758,0,1036
1.74847E+12,10647,Simpli,200,OK,Thread Group 1-22,text,TRUE,,642373,121,47,47,https://www.simplilearn.com/,1800,0,1038
1.74847E+12,5543,Resource,200,OK,Thread Group 1-11,text,TRUE,,325304,130,47,47,https://www.simplilearn.com/resources,1520,0,0
1.74847E+12,10829,Simpli,200,OK,Thread Group 1-23,text,TRUE,,642389,121,47,47,https://www.simplilearn.com/,1916,0,1123
1.74847E+12,11085,Simpli,200,OK,Thread Group 1-24,text,TRUE,,642389,121,47,47,https://www.simplilearn.com/,1921,0,1105
1.74847E+12,12087,Simpli,200,OK,Thread Group 1-27,text,TRUE,,642373,121,47,47,https://www.simplilearn.com/,2179,0,1273
1.74847E+12,9835,Resource,200,OK,Thread Group 1-5,text,TRUE,,325305,130,47,47,https://www.simplilearn.com/resources,1299,0,0
1.74847E+12,4249,Resource,200,OK,Thread Group 1-19,text,TRUE,,325305,130,47,47,https://www.simplilearn.com/resources,2048,0,0
1.74847E+12,8914,Resource,200,OK,Thread Group 1-10,text,TRUE,,325304,130,47,47,https://www.simplilearn.com/resources,1531,0,0
1.74847E+12,4238,Resource,200,OK,Thread Group 1-21,text,TRUE,,325305,130,47,47,https://www.simplilearn.com/resources,1924,0,0
1.74847E+12,9128,Resource,200,OK,Thread Group 1-7,text,TRUE,,325320,130,47,47,https://www.simplilearn.com/resources,1561,0,0
1.74847E+12,9898,Corporate,200,OK,Thread Group 1-4,text,TRUE,,432585,139,47,47,https://www.simplilearn.com/corporate-training,1290,0,0
1.74847E+12,4399,Resource,200,OK,Thread Group 1-20,text,TRUE,,325305,130,46,46,https://www.simplilearn.com/resources,2054,0,0
1.74847E+12,13771,Simpli,200,OK,Thread Group 1-26,text,TRUE,,642382,121,46,46,https://www.simplilearn.com/,2015,0,1179
1.74847E+12,7189,Resource,200,OK,Thread Group 1-16,text,TRUE,,325314,130,46,46,https://www.simplilearn.com/resources,1583,0,0
1.74847E+12,9170,Resource,200,OK,Thread Group 1-9,text,TRUE,,325313,130,46,46,https://www.simplilearn.com/resources,1625,0,0
1.74847E+12,13893,Simpli,200,OK,Thread Group 1-28,text,TRUE,,642373,121,46,46,https://www.simplilearn.com/,2333,0,1331
1.74847E+12,7832,Resource,200,OK,Thread Group 1-13,text,TRUE,,325313,130,46,46,https://www.simplilearn.com/resources,1556,0,0
1.74847E+12,12136,Simpli,200,OK,Thread Group 1-47,text,TRUE,,642373,121,46,46,https://www.simplilearn.com/,3989,0,2312
1.74847E+12,12049,Simpli,200,OK,Thread Group 1-48,text,TRUE,,642373,121,46,46,https://www.simplilearn.com/,3756,0,2284
1.74847E+12,12017,Simpli,200,OK,Thread Group 1-50,text,TRUE,,642373,121,46,46,https://www.simplilearn.com/,3821,0,2336
1.74847E+12,5900,Resource,200,OK,Thread Group 1-18,text,TRUE,,325304,130,46,46,https://www.simplilearn.com/resources,1998,0,0
1.74847E+12,12175,Simpli,200,OK,Thread Group 1-49,text,TRUE,,642373,121,46,46,https://www.simplilearn.com/,4119,0,2388
1.74847E+12,7429,Resource,200,OK,Thread Group 1-17,text,TRUE,,325311,130,46,46,https://www.simplilearn.com/resources,1709,0,0
1.74847E+12,8813,Resource,200,OK,Thread Group 1-12,text,TRUE,,325305,130,46,46,https://www.simplilearn.com/resources,1630,0,0
1.74847E+12,8923,Resource,200,OK,Thread Group 1-6,text,TRUE,,325313,130,46,46,https://www.simplilearn.com/resources,1609,0,0
1.74847E+12,7612,Resource,200,OK,Thread Group 1-15,text,TRUE,,325304,130,46,46,https://www.simplilearn.com/resources,1765,0,0
1.74847E+12,14525,Simpli,200,OK,Thread Group 1-29,text,TRUE,,642373,121,46,46,https://www.simplilearn.com/,2238,0,1263
1.74847E+12,8316,Corporate,200,OK,Thread Group 1-8,text,TRUE,,432576,139,46,46,https://www.simplilearn.com/corporate-training,1615,0,0
1.74847E+12,15279,Simpli,200,OK,Thread Group 1-25,text,TRUE,,642579,121,45,45,https://www.simplilearn.com/,1838,0,1027
1.74847E+12,14483,Simpli,200,OK,Thread Group 1-34,text,TRUE,,642373,121,45,45,https://www.simplilearn.com/,2836,0,1597
1.74847E+12,14857,Simpli,200,OK,Thread Group 1-31,text,TRUE,,642373,121,45,45,https://www.simplilearn.com/,2526,0,1460
1.74847E+12,14962,Simpli,200,OK,Thread Group 1-30,text,TRUE,,642373,121,45,45,https://www.simplilearn.com/,2516,0,1436
1.74847E+12,14444,Simpli,200,OK,Thread Group 1-36,text,TRUE,,642390,121,45,45,https://www.simplilearn.com/,2970,0,1689
1.74847E+12,14564,Simpli,200,OK,Thread Group 1-35,text,TRUE,,642381,121,45,45,https://www.simplilearn.com/,2797,0,1559
1.74847E+12,15039,Simpli,200,OK,Thread Group 1-32,text,TRUE,,642373,121,45,45,https://www.simplilearn.com/,2656,0,1487
1.74847E+12,5397,Resource,200,OK,Thread Group 1-22,text,TRUE,,325304,130,45,45,https://www.simplilearn.com/resources,3475,0,0
1.74847E+12,5210,Resource,200,OK,Thread Group 1-23,text,TRUE,,325304,130,45,45,https://www.simplilearn.com/resources,3367,0,0
1.74847E+12,15125,Simpli,200,OK,Thread Group 1-33,text,TRUE,,642373,121,45,45,https://www.simplilearn.com/,2790,0,1575
1.74847E+12,14707,Simpli,200,OK,Thread Group 1-40,text,TRUE,,642382,121,45,45,https://www.simplilearn.com/,3179,0,1861
1.74847E+12,15211,Simpli,200,OK,Thread Group 1-38,text,TRUE,,642373,121,45,45,https://www.simplilearn.com/,3003,0,1676
1.74847E+12,2199,Resource,200,OK,Thread Group 1-48,text,TRUE,,325320,130,45,45,https://www.simplilearn.com/resources,964,0,0
1.74847E+12,5578,Resource,200,OK,Thread Group 1-24,text,TRUE,,325305,130,45,45,https://www.simplilearn.com/resources,3288,0,0
1.74847E+12,2252,Resource,200,OK,Thread Group 1-47,text,TRUE,,325304,130,45,45,https://www.simplilearn.com/resources,1004,0,0
1.74847E+12,15221,Simpli,200,OK,Thread Group 1-39,text,TRUE,,642373,121,45,45,https://www.simplilearn.com/,3238,0,1828
1.74847E+12,9492,Resource,200,OK,Thread Group 1-14,text,TRUE,,325304,130,45,45,https://www.simplilearn.com/resources,1905,0,0
1.74847E+12,15513,Simpli,200,OK,Thread Group 1-37,text,TRUE,,642373,121,45,45,https://www.simplilearn.com/,3062,0,1710
1.74847E+12,2195,Resource,200,OK,Thread Group 1-50,text,TRUE,,325304,130,45,45,https://www.simplilearn.com/resources,1045,0,0
1.74847E+12,2413,Resource,200,OK,Thread Group 1-49,text,TRUE,,325304,130,45,45,https://www.simplilearn.com/resources,1172,0,0
1.74847E+12,15436,Simpli,200,OK,Thread Group 1-41,text,TRUE,,642381,121,45,45,https://www.simplilearn.com/,3430,0,1966
1.74847E+12,15075,Simpli,200,OK,Thread Group 1-45,text,TRUE,,642373,121,45,45,https://www.simplilearn.com/,3566,0,2057
1.74847E+12,15292,Simpli,200,OK,Thread Group 1-43,text,TRUE,,642660,121,45,45,https://www.simplilearn.com/,3695,0,2149
1.74847E+12,15404,Simpli,200,OK,Thread Group 1-42,text,TRUE,,642388,121,45,45,https://www.simplilearn.com/,3618,0,2133
1.74847E+12,3531,Corporate,200,OK,Thread Group 1-20,text,TRUE,,432584,139,45,45,https://www.simplilearn.com/corporate-training,1202,0,0
1.74847E+12,15463,Simpli,200,OK,Thread Group 1-44,text,TRUE,,642373,121,44,44,https://www.simplilearn.com/,3651,0,2132
1.74847E+12,3531,Corporate,200,OK,Thread Group 1-16,text,TRUE,,432736,139,44,44,https://www.simplilearn.com/corporate-training,1061,0,0
1.74847E+12,15655,Simpli,200,OK,Thread Group 1-46,text,TRUE,,642373,121,43,43,https://www.simplilearn.com/,3856,0,2250
1.74847E+12,7360,Corporate,200,OK,Thread Group 1-11,text,TRUE,,432576,139,43,43,https://www.simplilearn.com/corporate-training,3449,0,0
1.74847E+12,3955,Resource,200,OK,Thread Group 1-26,text,TRUE,,325305,130,42,42,https://www.simplilearn.com/resources,1134,0,0
1.74847E+12,5663,Resource,200,OK,Thread Group 1-27,text,TRUE,,325304,130,42,42,https://www.simplilearn.com/resources,2732,0,0
1.74847E+12,5207,Corporate,200,OK,Thread Group 1-10,text,TRUE,,432576,139,42,42,https://www.simplilearn.com/corporate-training,1445,0,0
1.74847E+12,4673,Resource,200,OK,Thread Group 1-28,text,TRUE,,325304,130,41,41,https://www.simplilearn.com/resources,1028,0,0
1.74847E+12,4571,Resource,200,OK,Thread Group 1-29,text,TRUE,,325305,130,41,41,https://www.simplilearn.com/resources,1414,0,0
1.74847E+12,7117,Corporate,200,OK,Thread Group 1-19,text,TRUE,,432584,139,41,41,https://www.simplilearn.com/corporate-training,1571,0,0
1.74847E+12,3666,Corporate,200,OK,Thread Group 1-48,text,TRUE,,432584,139,40,40,https://www.simplilearn.com/corporate-training,2090,0,0
1.74847E+12,3758,Corporate,200,OK,Thread Group 1-47,text,TRUE,,432576,139,39,39,https://www.simplilearn.com/corporate-training,2158,0,0
1.74847E+12,3708,Corporate,200,OK,Thread Group 1-50,text,TRUE,,432576,139,38,38,https://www.simplilearn.com/corporate-training,2158,0,0
1.74847E+12,7228,Corporate,200,OK,Thread Group 1-21,text,TRUE,,432576,139,37,37,https://www.simplilearn.com/corporate-training,1442,0,0
1.74847E+12,7913,Corporate,200,OK,Thread Group 1-5,text,TRUE,,432585,139,36,36,https://www.simplilearn.com/corporate-training,1605,0,0
1.74847E+12,5418,Resource,200,OK,Thread Group 1-34,text,TRUE,,325329,130,35,35,https://www.simplilearn.com/resources,1897,0,0
1.74847E+12,5271,Resource,200,OK,Thread Group 1-36,text,TRUE,,325305,130,35,35,https://www.simplilearn.com/resources,1960,0,0
1.74847E+12,6558,Corporate,200,OK,Thread Group 1-13,text,TRUE,,432584,139,35,35,https://www.simplilearn.com/corporate-training,1128,0,0
1.74847E+12,3867,Corporate,200,OK,Thread Group 1-49,text,TRUE,,432576,139,34,34,https://www.simplilearn.com/corporate-training,2320,0,0
1.74847E+12,5542,Resource,200,OK,Thread Group 1-31,text,TRUE,,325304,130,33,33,https://www.simplilearn.com/resources,2006,0,0
1.74847E+12,5497,Resource,200,OK,Thread Group 1-35,text,TRUE,,325304,130,33,33,https://www.simplilearn.com/resources,1945,0,0
1.74847E+12,5450,Resource,200,OK,Thread Group 1-32,text,TRUE,,325304,130,33,33,https://www.simplilearn.com/resources,2027,0,0
1.74847E+12,5737,Resource,200,OK,Thread Group 1-30,text,TRUE,,325304,130,33,33,https://www.simplilearn.com/resources,2011,0,0
1.74847E+12,6715,Corporate,200,OK,Thread Group 1-17,text,TRUE,,432593,139,33,33,https://www.simplilearn.com/corporate-training,1258,0,0
1.74847E+12,8030,Corporate,200,OK,Thread Group 1-7,text,TRUE,,432576,139,32,32,https://www.simplilearn.com/corporate-training,1402,0,0
1.74847E+12,5428,Resource,200,OK,Thread Group 1-33,text,TRUE,,325304,130,31,31,https://www.simplilearn.com/resources,2075,0,0
1.74847E+12,5643,Corporate,200,OK,Thread Group 1-23,text,TRUE,,432584,139,31,31,https://www.simplilearn.com/corporate-training,2073,0,0
1.74847E+12,5396,Resource,200,OK,Thread Group 1-40,text,TRUE,,325304,130,30,30,https://www.simplilearn.com/resources,2147,0,0
1.74847E+12,6807,Corporate,200,OK,Thread Group 1-15,text,TRUE,,432576,139,30,30,https://www.simplilearn.com/corporate-training,1669,0,0
1.74847E+12,7166,Corporate,200,OK,Thread Group 1-18,text,TRUE,,432576,139,29,29,https://www.simplilearn.com/corporate-training,1379,0,0
1.74847E+12,5173,Resource,200,OK,Thread Group 1-39,text,TRUE,,325304,130,28,28,https://www.simplilearn.com/resources,2187,0,0
1.74847E+12,5293,Resource,200,OK,Thread Group 1-38,text,TRUE,,325304,130,28,28,https://www.simplilearn.com/resources,2168,0,0
1.74847E+12,5130,Resource,200,OK,Thread Group 1-37,text,TRUE,,325304,130,28,28,https://www.simplilearn.com/resources,2267,0,0
1.74847E+12,7733,Corporate,200,OK,Thread Group 1-9,text,TRUE,,432584,139,28,28,https://www.simplilearn.com/corporate-training,1059,0,0
1.74847E+12,5415,Corporate,200,OK,Thread Group 1-24,text,TRUE,,432600,139,27,27,https://www.simplilearn.com/corporate-training,2137,0,0
1.74847E+12,4909,Resource,200,OK,Thread Group 1-43,text,TRUE,,325305,130,26,26,https://www.simplilearn.com/resources,2379,0,0
1.74847E+12,4983,Resource,200,OK,Thread Group 1-45,text,TRUE,,325304,130,26,26,https://www.simplilearn.com/resources,2318,0,0
1.74847E+12,5048,Resource,200,OK,Thread Group 1-41,text,TRUE,,325305,130,26,26,https://www.simplilearn.com/resources,2461,0,0
1.74847E+12,5002,Resource,200,OK,Thread Group 1-42,text,TRUE,,325304,130,26,26,https://www.simplilearn.com/resources,2480,0,0
1.74847E+12,4797,Resource,200,OK,Thread Group 1-44,text,TRUE,,325304,130,26,26,https://www.simplilearn.com/resources,2798,0,0
1.74847E+12,4524,Resource,200,OK,Thread Group 1-46,text,TRUE,,325304,130,26,26,https://www.simplilearn.com/resources,3033,0,0
1.74847E+12,7024,Resource,200,OK,Thread Group 1-25,text,TRUE,,325304,130,26,26,https://www.simplilearn.com/resources,1962,0,0
1.74847E+12,6720,Corporate,200,OK,Thread Group 1-22,text,TRUE,,432576,139,26,26,https://www.simplilearn.com/corporate-training,2149,0,0
1.74847E+12,7879,Corporate,200,OK,Thread Group 1-12,text,TRUE,,432703,139,25,25,https://www.simplilearn.com/corporate-training,1286,0,0
1.74847E+12,4879,Corporate,200,OK,Thread Group 1-26,text,TRUE,,432584,139,24,24,https://www.simplilearn.com/corporate-training,3006,0,0
1.74847E+12,4928,Corporate,200,OK,Thread Group 1-27,text,TRUE,,432576,139,23,23,https://www.simplilearn.com/corporate-training,3043,0,0
1.74847E+12,8204,Corporate,200,OK,Thread Group 1-6,text,TRUE,,432585,139,22,22,https://www.simplilearn.com/corporate-training,1512,0,0
1.74847E+12,3962,Corporate,200,OK,Thread Group 1-34,text,TRUE,,432585,139,21,21,https://www.simplilearn.com/corporate-training,1499,0,0
1.74847E+12,4008,Corporate,200,OK,Thread Group 1-36,text,TRUE,,432584,139,20,20,https://www.simplilearn.com/corporate-training,1463,0,0
1.74847E+12,4230,Corporate,200,OK,Thread Group 1-35,text,TRUE,,432576,139,19,19,https://www.simplilearn.com/corporate-training,1355,0,0
1.74847E+12,4315,Corporate,200,OK,Thread Group 1-31,text,TRUE,,432576,139,18,18,https://www.simplilearn.com/corporate-training,1398,0,0
1.74847E+12,3742,Corporate,200,OK,Thread Group 1-40,text,TRUE,,432576,139,17,17,https://www.simplilearn.com/corporate-training,1224,0,0
1.74847E+12,4157,Corporate,200,OK,Thread Group 1-32,text,TRUE,,432584,139,17,17,https://www.simplilearn.com/corporate-training,1357,0,0
1.74847E+12,4071,Corporate,200,OK,Thread Group 1-33,text,TRUE,,432576,139,15,15,https://www.simplilearn.com/corporate-training,1327,0,0
1.74847E+12,3492,Corporate,200,OK,Thread Group 1-43,text,TRUE,,432602,139,14,14,https://www.simplilearn.com/corporate-training,1225,0,0
1.74847E+12,8975,Corporate,200,OK,Thread Group 1-14,text,TRUE,,432576,139,13,13,https://www.simplilearn.com/corporate-training,2295,0,0
1.74847E+12,3812,Corporate,200,OK,Thread Group 1-39,text,TRUE,,432576,139,12,12,https://www.simplilearn.com/corporate-training,1260,0,0
1.74847E+12,3567,Corporate,200,OK,Thread Group 1-45,text,TRUE,,432576,139,11,11,https://www.simplilearn.com/corporate-training,1196,0,0
1.74847E+12,3543,Corporate,200,OK,Thread Group 1-44,text,TRUE,,432576,139,10,10,https://www.simplilearn.com/corporate-training,1306,0,0
1.74847E+12,3436,Corporate,200,OK,Thread Group 1-46,text,TRUE,,432576,139,9,9,https://www.simplilearn.com/corporate-training,1341,0,0
1.74847E+12,3918,Corporate,200,OK,Thread Group 1-38,text,TRUE,,432576,139,8,8,https://www.simplilearn.com/corporate-training,1220,0,0
1.74847E+12,3653,Corporate,200,OK,Thread Group 1-42,text,TRUE,,432576,139,7,7,https://www.simplilearn.com/corporate-training,1254,0,0
1.74847E+12,3713,Corporate,200,OK,Thread Group 1-41,text,TRUE,,432592,139,6,6,https://www.simplilearn.com/corporate-training,1222,0,0
1.74847E+12,3958,Corporate,200,OK,Thread Group 1-37,text,TRUE,,432576,139,5,5,https://www.simplilearn.com/corporate-training,1268,0,0
1.74847E+12,6965,Corporate,200,OK,Thread Group 1-28,text,TRUE,,432576,139,4,4,https://www.simplilearn.com/corporate-training,2856,0,0
1.74847E+12,6339,Corporate,200,OK,Thread Group 1-29,text,TRUE,,432584,139,3,3,https://www.simplilearn.com/corporate-training,2556,0,0
1.74847E+12,6223,Corporate,200,OK,Thread Group 1-30,text,TRUE,,432576,139,2,2,https://www.simplilearn.com/corporate-training,1474,0,0
1.74847E+12,5285,Corporate,200,OK,Thread Group 1-25,text,TRUE,,432576,139,1,1,https://www.simplilearn.com/corporate-training,1711,0,0
